query_id,query_smiles,model,cosine,rank,rr,hit_at_1,hit_at_2,hit_at_3,hit_at_4,hit_at_5,hit_at_6,hit_at_7,hit_at_8,hit_at_9,hit_at_10,hit_at_11,hit_at_12,hit_at_13,hit_at_14,hit_at_15,hit_at_16,hit_at_17,hit_at_18,hit_at_19,hit_at_20
test_0000,C1=CC=CC=C1,Full model,0.5043347477912903,1,1.0,1,1,1,1,1,1,1,1,1,1,1,1,1,1,1,1,1,1,1,1
test_0001,C1=CC=C2C=CC=CC2=C1,Full model,0.3469456434249878,26,0.038461538461538464,0,0,0,0,0,0,0,0,0,0,0,0,0,0,0,0,0,0,0,0
test_0002,C1=CC=C2C=C3C=CC=CC3=CC2=C1,Full model,0.19040559232234955,7,0.14285714285714285,0,0,0,0,0,0,1,1,1,1,1,1,1,1,1,1,1,1,1,1
test_0003,C1CCCCC1,Full model,0.6060482263565063,13,0.07692307692307693,0,0,0,0,0,0,0,0,0,0,0,0,1,1,1,1,1,1,1,1
test_0004,CO,Full model,0.566458523273468,1,1.0,1,1,1,1,1,1,1,1,1,1,1,1,1,1,1,1,1,1,1,1
test_0005,CCO,Full model,0.7273467183113098,3,0.3333333333333333,0,0,1,1,1,1,1,1,1,1,1,1,1,1,1,1,1,1,1,1
test_0006,CC(C)O,Full model,0.6319500803947449,12,0.08333333333333333,0,0,0,0,0,0,0,0,0,0,0,1,1,1,1,1,1,1,1,1
test_0007,CC(=O)C,Full model,0.5760293006896973,9,0.1111111111111111,0,0,0,0,0,0,0,0,1,1,1,1,1,1,1,1,1,1,1,1
test_0008,CCC(=O)C,Full model,0.4543219208717346,29,0.034482758620689655,0,0,0,0,0,0,0,0,0,0,0,0,0,0,0,0,0,0,0,0
test_0009,C1=CC=C(C=C1)C=O,Full model,0.43212196230888367,15,0.06666666666666667,0,0,0,0,0,0,0,0,0,0,0,0,0,0,1,1,1,1,1,1
test_0010,CC(=O)O,Full model,0.5809460878372192,10,0.1,0,0,0,0,0,0,0,0,0,1,1,1,1,1,1,1,1,1,1,1
test_0011,C1=CC=C(C=C1)C(=O)O,Full model,0.408049613237381,2,0.5,0,1,1,1,1,1,1,1,1,1,1,1,1,1,1,1,1,1,1,1
test_0012,C1=CC=C(C=C1)Cl,Full model,0.35354742407798767,13,0.07692307692307693,0,0,0,0,0,0,0,0,0,0,0,0,1,1,1,1,1,1,1,1
test_0013,C(Cl)Cl,Full model,0.21885021030902863,92,0.010869565217391304,0,0,0,0,0,0,0,0,0,0,0,0,0,0,0,0,0,0,0,0
test_0014,C(Cl)(Cl)Cl,Full model,0.18881461024284363,17,0.058823529411764705,0,0,0,0,0,0,0,0,0,0,0,0,0,0,0,0,1,1,1,1
test_0015,C(Cl)(Cl)(Cl)Cl,Full model,0.13426294922828674,7,0.14285714285714285,0,0,0,0,0,0,1,1,1,1,1,1,1,1,1,1,1,1,1,1
test_0016,C1=CC=NC=C1,Full model,0.34155404567718506,13,0.07692307692307693,0,0,0,0,0,0,0,0,0,0,0,0,1,1,1,1,1,1,1,1
test_0017,C1=COC=C1,Full model,0.45138686895370483,13,0.07692307692307693,0,0,0,0,0,0,0,0,0,0,0,0,1,1,1,1,1,1,1,1
test_0018,C1=CSC=C1,Full model,0.47457167506217957,12,0.08333333333333333,0,0,0,0,0,0,0,0,0,0,0,1,1,1,1,1,1,1,1,1
test_0019,C[Si](C)(C)N[Si](C)(C)C,Full model,0.3004550635814667,3,0.3333333333333333,0,0,1,1,1,1,1,1,1,1,1,1,1,1,1,1,1,1,1,1
test_0020,C1=CC=C(C=C1)N,Full model,0.4358461797237396,2,0.5,0,1,1,1,1,1,1,1,1,1,1,1,1,1,1,1,1,1,1,1
test_0021,CC#N,Full model,0.5716997385025024,2,0.5,0,1,1,1,1,1,1,1,1,1,1,1,1,1,1,1,1,1,1,1
test_0000,C1=CC=CC=C1,No fragments,0.5107311606407166,1,1.0,1,1,1,1,1,1,1,1,1,1,1,1,1,1,1,1,1,1,1,1
test_0001,C1=CC=C2C=CC=CC2=C1,No fragments,0.3497174382209778,26,0.038461538461538464,0,0,0,0,0,0,0,0,0,0,0,0,0,0,0,0,0,0,0,0
test_0002,C1=CC=C2C=C3C=CC=CC3=CC2=C1,No fragments,0.1925795078277588,4,0.25,0,0,0,1,1,1,1,1,1,1,1,1,1,1,1,1,1,1,1,1
test_0003,C1CCCCC1,No fragments,0.6029258966445923,12,0.08333333333333333,0,0,0,0,0,0,0,0,0,0,0,1,1,1,1,1,1,1,1,1
test_0004,CO,No fragments,0.5664775967597961,2,0.5,0,1,1,1,1,1,1,1,1,1,1,1,1,1,1,1,1,1,1,1
test_0005,CCO,No fragments,0.72911536693573,2,0.5,0,1,1,1,1,1,1,1,1,1,1,1,1,1,1,1,1,1,1,1
test_0006,CC(C)O,No fragments,0.6323002576828003,10,0.1,0,0,0,0,0,0,0,0,0,1,1,1,1,1,1,1,1,1,1,1
test_0007,CC(=O)C,No fragments,0.5737134218215942,11,0.09090909090909091,0,0,0,0,0,0,0,0,0,0,1,1,1,1,1,1,1,1,1,1
test_0008,CCC(=O)C,No fragments,0.4534756541252136,30,0.03333333333333333,0,0,0,0,0,0,0,0,0,0,0,0,0,0,0,0,0,0,0,0
test_0009,C1=CC=C(C=C1)C=O,No fragments,0.447095662355423,13,0.07692307692307693,0,0,0,0,0,0,0,0,0,0,0,0,1,1,1,1,1,1,1,1
test_0010,CC(=O)O,No fragments,0.5829980969429016,8,0.125,0,0,0,0,0,0,0,1,1,1,1,1,1,1,1,1,1,1,1,1
test_0011,C1=CC=C(C=C1)C(=O)O,No fragments,0.41754263639450073,5,0.2,0,0,0,0,1,1,1,1,1,1,1,1,1,1,1,1,1,1,1,1
test_0012,C1=CC=C(C=C1)Cl,No fragments,0.35471516847610474,13,0.07692307692307693,0,0,0,0,0,0,0,0,0,0,0,0,1,1,1,1,1,1,1,1
test_0013,C(Cl)Cl,No fragments,0.21959029138088226,93,0.010752688172043012,0,0,0,0,0,0,0,0,0,0,0,0,0,0,0,0,0,0,0,0
test_0014,C(Cl)(Cl)Cl,No fragments,0.18527092039585114,23,0.043478260869565216,0,0,0,0,0,0,0,0,0,0,0,0,0,0,0,0,0,0,0,0
test_0015,C(Cl)(Cl)(Cl)Cl,No fragments,0.13075755536556244,12,0.08333333333333333,0,0,0,0,0,0,0,0,0,0,0,1,1,1,1,1,1,1,1,1
test_0016,C1=CC=NC=C1,No fragments,0.34480729699134827,13,0.07692307692307693,0,0,0,0,0,0,0,0,0,0,0,0,1,1,1,1,1,1,1,1
test_0017,C1=COC=C1,No fragments,0.45014649629592896,13,0.07692307692307693,0,0,0,0,0,0,0,0,0,0,0,0,1,1,1,1,1,1,1,1
test_0018,C1=CSC=C1,No fragments,0.4642057716846466,11,0.09090909090909091,0,0,0,0,0,0,0,0,0,0,1,1,1,1,1,1,1,1,1,1
test_0019,C[Si](C)(C)N[Si](C)(C)C,No fragments,0.302791565656662,2,0.5,0,1,1,1,1,1,1,1,1,1,1,1,1,1,1,1,1,1,1,1
test_0020,C1=CC=C(C=C1)N,No fragments,0.43951651453971863,2,0.5,0,1,1,1,1,1,1,1,1,1,1,1,1,1,1,1,1,1,1,1
test_0021,CC#N,No fragments,0.5684425830841064,2,0.5,0,1,1,1,1,1,1,1,1,1,1,1,1,1,1,1,1,1,1,1
test_0000,C1=CC=CC=C1,No derivation tree,0.5044072866439819,1,1.0,1,1,1,1,1,1,1,1,1,1,1,1,1,1,1,1,1,1,1,1
test_0001,C1=CC=C2C=CC=CC2=C1,No derivation tree,0.34739187359809875,26,0.038461538461538464,0,0,0,0,0,0,0,0,0,0,0,0,0,0,0,0,0,0,0,0
test_0002,C1=CC=C2C=C3C=CC=CC3=CC2=C1,No derivation tree,0.19071602821350098,5,0.2,0,0,0,0,1,1,1,1,1,1,1,1,1,1,1,1,1,1,1,1
test_0003,C1CCCCC1,No derivation tree,0.6054984331130981,13,0.07692307692307693,0,0,0,0,0,0,0,0,0,0,0,0,1,1,1,1,1,1,1,1
test_0004,CO,No derivation tree,0.5671035647392273,1,1.0,1,1,1,1,1,1,1,1,1,1,1,1,1,1,1,1,1,1,1,1
test_0005,CCO,No derivation tree,0.7273285388946533,3,0.3333333333333333,0,0,1,1,1,1,1,1,1,1,1,1,1,1,1,1,1,1,1,1
test_0006,CC(C)O,No derivation tree,0.6315740346908569,13,0.07692307692307693,0,0,0,0,0,0,0,0,0,0,0,0,1,1,1,1,1,1,1,1
test_0007,CC(=O)C,No derivation tree,0.5760968327522278,9,0.1111111111111111,0,0,0,0,0,0,0,0,1,1,1,1,1,1,1,1,1,1,1,1
test_0008,CCC(=O)C,No derivation tree,0.45410749316215515,28,0.03571428571428571,0,0,0,0,0,0,0,0,0,0,0,0,0,0,0,0,0,0,0,0
test_0009,C1=CC=C(C=C1)C=O,No derivation tree,0.43845513463020325,12,0.08333333333333333,0,0,0,0,0,0,0,0,0,0,0,1,1,1,1,1,1,1,1,1
test_0010,CC(=O)O,No derivation tree,0.5795736312866211,10,0.1,0,0,0,0,0,0,0,0,0,1,1,1,1,1,1,1,1,1,1,1
test_0011,C1=CC=C(C=C1)C(=O)O,No derivation tree,0.4128193259239197,2,0.5,0,1,1,1,1,1,1,1,1,1,1,1,1,1,1,1,1,1,1,1
test_0012,C1=CC=C(C=C1)Cl,No derivation tree,0.3534040153026581,12,0.08333333333333333,0,0,0,0,0,0,0,0,0,0,0,1,1,1,1,1,1,1,1,1
test_0013,C(Cl)Cl,No derivation tree,0.21847553551197052,92,0.010869565217391304,0,0,0,0,0,0,0,0,0,0,0,0,0,0,0,0,0,0,0,0
test_0014,C(Cl)(Cl)Cl,No derivation tree,0.18832126259803772,16,0.0625,0,0,0,0,0,0,0,0,0,0,0,0,0,0,0,1,1,1,1,1
test_0015,C(Cl)(Cl)(Cl)Cl,No derivation tree,0.13426294922828674,5,0.2,0,0,0,0,1,1,1,1,1,1,1,1,1,1,1,1,1,1,1,1
test_0016,C1=CC=NC=C1,No derivation tree,0.34273767471313477,12,0.08333333333333333,0,0,0,0,0,0,0,0,0,0,0,1,1,1,1,1,1,1,1,1
test_0017,C1=COC=C1,No derivation tree,0.4511343836784363,13,0.07692307692307693,0,0,0,0,0,0,0,0,0,0,0,0,1,1,1,1,1,1,1,1
test_0018,C1=CSC=C1,No derivation tree,0.4744209051132202,11,0.09090909090909091,0,0,0,0,0,0,0,0,0,0,1,1,1,1,1,1,1,1,1,1
test_0019,C[Si](C)(C)N[Si](C)(C)C,No derivation tree,0.30163657665252686,2,0.5,0,1,1,1,1,1,1,1,1,1,1,1,1,1,1,1,1,1,1,1
test_0020,C1=CC=C(C=C1)N,No derivation tree,0.4367121160030365,2,0.5,0,1,1,1,1,1,1,1,1,1,1,1,1,1,1,1,1,1,1,1
test_0021,CC#N,No derivation tree,0.5722978711128235,2,0.5,0,1,1,1,1,1,1,1,1,1,1,1,1,1,1,1,1,1,1,1
test_0000,C1=CC=CC=C1,No reranking,0.5043347477912903,26,0.038461538461538464,0,0,0,0,0,0,0,0,0,0,0,0,0,0,0,0,0,0,0,0
test_0001,C1=CC=C2C=CC=CC2=C1,No reranking,0.3469456434249878,9,0.1111111111111111,0,0,0,0,0,0,0,0,1,1,1,1,1,1,1,1,1,1,1,1
test_0002,C1=CC=C2C=C3C=CC=CC3=CC2=C1,No reranking,0.19040559232234955,53,0.018867924528301886,0,0,0,0,0,0,0,0,0,0,0,0,0,0,0,0,0,0,0,0
test_0003,C1CCCCC1,No reranking,0.6060482263565063,3,0.3333333333333333,0,0,1,1,1,1,1,1,1,1,1,1,1,1,1,1,1,1,1,1
test_0004,CO,No reranking,0.566458523273468,73,0.0136986301369863,0,0,0,0,0,0,0,0,0,0,0,0,0,0,0,0,0,0,0,0
test_0005,CCO,No reranking,0.7273467183113098,1,1.0,1,1,1,1,1,1,1,1,1,1,1,1,1,1,1,1,1,1,1,1
test_0006,CC(C)O,No reranking,0.6319500803947449,6,0.16666666666666666,0,0,0,0,0,1,1,1,1,1,1,1,1,1,1,1,1,1,1,1
test_0007,CC(=O)C,No reranking,0.5760293006896973,61,0.01639344262295082,0,0,0,0,0,0,0,0,0,0,0,0,0,0,0,0,0,0,0,0
test_0008,CCC(=O)C,No reranking,0.4543219208717346,20,0.05,0,0,0,0,0,0,0,0,0,0,0,0,0,0,0,0,0,0,0,1
test_0009,C1=CC=C(C=C1)C=O,No reranking,0.4321219027042389,21,0.047619047619047616,0,0,0,0,0,0,0,0,0,0,0,0,0,0,0,0,0,0,0,0
test_0010,CC(=O)O,No reranking,0.5809460878372192,19,0.05263157894736842,0,0,0,0,0,0,0,0,0,0,0,0,0,0,0,0,0,0,1,1
test_0011,C1=CC=C(C=C1)C(=O)O,No reranking,0.408049613237381,9,0.1111111111111111,0,0,0,0,0,0,0,0,1,1,1,1,1,1,1,1,1,1,1,1
test_0012,C1=CC=C(C=C1)Cl,No reranking,0.35354745388031006,24,0.041666666666666664,0,0,0,0,0,0,0,0,0,0,0,0,0,0,0,0,0,0,0,0
test_0013,C(Cl)Cl,No reranking,0.21885021030902863,19,0.05263157894736842,0,0,0,0,0,0,0,0,0,0,0,0,0,0,0,0,0,0,1,1
test_0014,C(Cl)(Cl)Cl,No reranking,0.18881461024284363,41,0.024390243902439025,0,0,0,0,0,0,0,0,0,0,0,0,0,0,0,0,0,0,0,0
test_0015,C(Cl)(Cl)(Cl)Cl,No reranking,0.13426294922828674,58,0.017241379310344827,0,0,0,0,0,0,0,0,0,0,0,0,0,0,0,0,0,0,0,0
test_0016,C1=CC=NC=C1,No reranking,0.34155404567718506,45,0.022222222222222223,0,0,0,0,0,0,0,0,0,0,0,0,0,0,0,0,0,0,0,0
test_0017,C1=COC=C1,No reranking,0.45138686895370483,38,0.02631578947368421,0,0,0,0,0,0,0,0,0,0,0,0,0,0,0,0,0,0,0,0
test_0018,C1=CSC=C1,No reranking,0.47457167506217957,44,0.022727272727272728,0,0,0,0,0,0,0,0,0,0,0,0,0,0,0,0,0,0,0,0
test_0019,C[Si](C)(C)N[Si](C)(C)C,No reranking,0.3004550635814667,98,0.01020408163265306,0,0,0,0,0,0,0,0,0,0,0,0,0,0,0,0,0,0,0,0
test_0020,C1=CC=C(C=C1)N,No reranking,0.4358461797237396,15,0.06666666666666667,0,0,0,0,0,0,0,0,0,0,0,0,0,0,1,1,1,1,1,1
test_0021,CC#N,No reranking,0.5716997385025024,83,0.012048192771084338,0,0,0,0,0,0,0,0,0,0,0,0,0,0,0,0,0,0,0,0
