MoleculeName,SMILES,MoleculeComplexety, Time (seconds)
1_butene,CCC=C,3,7.23
1_butyne,CCC#C,3,8.21
1_pentene,CCCC=C,4,7.35
2_butanone,CCC(=O)C,4,11.25
2_butene,CC=CC,3,11.05
2_butyne,CC#CC,3,7.75
2_propanol,CC(C)O,3,19.25
acetaldehyde,CC=O,2,7.36
acetamide,CC(=O)N,3,9.02
acetic_acid,CC(=O)O,3,7.44
acetone,CC(=O)C,3,18.36
acetonitrile,CC#N,2,7.13
acetophenone,CC(=O)C1=CC=CC=C1,9,7.5
adenine,C1=NC2=C(N=CN2)N=C1N,11,97.19
alanine,CC(N)C(=O)O,5,7.48
aniline,C1=CC=C(C=C1)N,7,43.8
anthracene,C1=CC=C2C=C3C=CC=CC3=CC2=C1,16,18209
arginine,N=C(N)NCCC(N)C(=O)O,10,77.39
ascorbic_acid,C(C(=O)C1=C(C(=O)O)C(O)C(O1)O)O,14,778939
asparagine,NCC(=O)NC(=O)O,7,9.1
aspartate,NC(CC(O)=O)C(O)=O,8,97.2
atropine,CN1C(C=CC(=O)OC2C(O)C(C2)O)CC1,17,12966
benzaldehyde,C1=CC=C(C=C1)C=O,8,145.75
benzamide,C1=CC=C(C=C1)C(=O)N,9,11.53
benzene,C1=CC=CC=C1,6,25.22
benzoic_acid,C1=CC=C(C=C1)C(=O)O,9,7488
benzophenone,C1=CC=C(C=C1)C(=O)C2=CC=CC=C2,15,7.76
betaine,C[N+](C)(C)CC(=O)[O-],7,249.12
biotin,CC1C2SCC(N2C(=O)NCC(=O)O)C1,16,13636
bromoethane,CCBr,2,7.21
butane,CCCC,3,7.71
butyraldehyde,CCCC=O,4,7.86
butyric_acid,CCCC(=O)O,5,8.05
caffeine,CN1C=NC2=C1C(=O)N(C(=O)N2C)C,15,35.64
carbon_tetrachloride,C(Cl)(Cl)(Cl)Cl,4,7.53
catechol,C1=CC=C(C(=C1)O)O,8,230736
chlorobenzene,C1=CC=C(C=C1)Cl,7,40
chloroform,C(Cl)(Cl)Cl,3,6.56
citral,CC(=C)CCC=CC=O,8,87314
cyclohexane,C1CCCCC1,6,47.8
cysteine,CSCC(N)C(=O)O,7,9.32
cytosine,C1=CN=C(N)NC1=O,8,97.2
dichloromethane,C(Cl)Cl,2,6.58
diethyl_ether,CCOCC,4,7.48
diethyl_sulfide,CCSCC,4,7.75
dimethyl_ether,COC,2,7.75
dimethyl_sulfide,CSC,2,6.89
dimethyl_sulfoxide,CS(=O)C,3,7.91
dopamine,NC1=CC(=CC=C1O)O,9,80696
ethane,CC,1,7.45
ethanol,CCO,2,19.54
ethene,C=C,1,7.4
ethyl_acetate,CC(=O)OCC,5,7.99
ethyne,C#C,1,7.09
formaldehyde,C=O,1,7.31
formamide,NC=O,2,9.05
formic_acid,C(=O)O,2,7.2
furan,C1=COC=C1,5,9.22
gamma_aminobutyric_acid,C(CC(=O)O)CN,6,125.23
glutamate,C(CC(=O)O)C(C(=O)O)N,9,125.35
glutamine,NCCC(=O)NC(=O)O,8,9.31
glycine,C(C(=O)O)N,4,7.49
guanine,C1=NC2=C(N=CN2)C(=O)N1,11,97.22
heptane,CCCCCCC,6,7.8
hexamethylcyclotrisiloxane,C[Si](O[Si](C)(C)C)(C)C,8,7.97
hexamethyldisilazane,C[Si](C)(C)N[Si](C)(C)C,8,166.3
hexane,CCCCCC,5,7.65
histamine,C1=C(NC=N1)CCN,8,97.2
hydrogen_sulfide,[H][S][H],0,13.03
iodoform,CI(I)(I)I,4,7.26
isobutene,CC(=C)C,3,8.42
isoquinoline,C1=CC=NC2=CC=CC=C12,11,3183.84
lactate,CC(O)C(=O)[O-],5,28.53
leucine,CC(C)CC(N)C(=O)O,8,8.03
lysine,NCCCC(N)C(=O)O,8,8.16
maleic_acid,OC(=O)C=CC(=O)O,7,8.04
maltose,OC[C@H]1O[C@@H](O[C@H]2OC(CO)C(O)C(O)C2O)[C@H](O)[C@H](O)[C@H]1O,24,300337
methane,C,0,8.12
methanol,CO,1,19.53
methyl_acetate,CC(=O)OC,4,8.07
methyl_formate,COC=O,3,7.91
naphthalene,C1=CC=C2C=CC=CC2=C1,11,2452.17
nicotinamide,N1C=CC(=O)C=C1N,8,28.53
nitric_oxide,[N]=O,1,13.02
nitrobenzene,C1=CC=C(C=C1)[N+](=O)[O-],9,7.14
nitromethane,C[N+](=O)[O-],3,9.06
nonane,CCCCCCCCC,8,7.78
octane,CCCCCCCC,7,7.46
oxalic_acid,OC(=O)C(=O)O,5,8.04
pentane,CCCCC,4,7.83
phenol,C1=CC=C(C=C1)O,7,65259
piperidine,C1CCNCC1,6,10.08
proline,C1CC(NC1)C(=O)O,8,6.57
propane,CCC,2,7.82
propene,CC=C,2,7.56
propionaldehyde,CCC=O,3,8.31
propionic_acid,CCC(=O)O,4,7.93
propyl_formate,CCCOC=O,5,7.98
propyne,CC#C,2,7.99
putrescine,NCCCCN,5,97.2
pyridine,C1=CC=NC=C1,6,9.44
pyrrole,C1=CN=CC1,5,7.51
quinoline,C1=CC=CC2=NC=CC=C12,11,330.07
resorcinol,C1=CC(=CC(=C1)O)O,8,8.03
riboflavin,C1=CC(=O)N=C2N=C(N)C(=O)C=C2N1C1C(C(C(O1)CO)O)O,25,5569
scopolamine,C1C2CC3OC(C(O)C3C2)C1OC(=O)C4=CC=CC=C4,23,54011
serine,NCC(O)C(=O)O,6,127.69
silane,[SiH4],0,7.92
styrene,C=CC1=CC=CC=C1,8,1068.42
succinate,OC(=O)CCC(=O)O,7,9733
succinic_acid,C(CC(=O)O)C(=O)O,7,7.77
taurine,NCCS(=O)(=O)O,6,97.2
tetrachloroethylene,C(Cl)=C(Cl)C(Cl)=C(Cl),7,9.73
tetrahydrofuran,C1CCCO1,5,7.99
theobromine,CN1C=NC2=C1C(=O)N(C(=O)N2)C,14,32.59
thiophene,C1=CSC=C1,5,7.42
threonine,CC(O)C(N)C(=O)O,7,8.22
thymidine,CC1=CN=C(N)NC1=O[C@@H]2O[C@H](CO)[C@@H](O)[C@H],2O,7333
thymine,CC1=CN=C(N)NC1=O,9,97.2
toluene,CC1=CC=CC=C1,7,8.46
trichloroethylene,C(Cl)=C(Cl)Cl,4,9.73
trimethylsilane,C[Si](C)C,3,7.84
tryptamine,C1=CC=C2C(=C1)C(=CN2)CCN,13,97.23
uracil,O=C1NC=CC(=O)N1,8,97.22
urea,NC(=O)N,3,7.91
