name,smiles,category
decoy_DNJIEGIFACGWOD-UHFFFAOYSA-N,CCS,decoy_C2H6S
decoy_IAYPIBMASNFSPL-UHFFFAOYSA-N,C1CO1,decoy_C2H4O
decoy_IMHRONYAKYWGCC-UHFFFAOYSA-N,CN=O,decoy_CH3NO
decoy_IYABWNGZIDDRAK-UHFFFAOYSA-N,C=C=C,decoy_C3H4
decoy_LVZWSLJZHVFIQJ-UHFFFAOYSA-N,C1CC1,decoy_C3H6
decoy_OOXWYYGXTJLWHA-UHFFFAOYSA-N,C1=CC1,decoy_C3H4
decoy_ZRKSVHFXTRFQFL-UHFFFAOYSA-N,[C-]#[N+]C,decoy_C2H3N
decoy_AHHWIHXENZJRFG-UHFFFAOYSA-N,C1COC1,decoy_C3H6O
decoy_ATHHXGZTWNVVOU-UHFFFAOYSA-N,CNC=O,decoy_C2H5NO
decoy_BDERNNFJNOPAEC-UHFFFAOYSA-N,CCCO,decoy_C3H8O
decoy_BLLFVUPNHCTMSV-UHFFFAOYSA-N,CON=O,decoy_CH3NO2
decoy_CFBGXYDUODCMNS-UHFFFAOYSA-N,C1=CCC1,decoy_C4H6
decoy_DGVVWUTYPXICAM-UHFFFAOYSA-N,OCCS,decoy_C2H6OS
decoy_FZENGILVLUJGJX-UHFFFAOYSA-N,CC=NO,decoy_C2H5NO
decoy_GOOHAUXETOMSMM-UHFFFAOYSA-N,CC1CO1,decoy_C3H6O
decoy_KAKZBPTYRLMSJV-UHFFFAOYSA-N,C=CC=C,decoy_C4H6
decoy_LASLVGACQUUOEB-UHFFFAOYSA-N,C1C2CC12,decoy_C4H6
decoy_NNPPMTNAJDCUHE-UHFFFAOYSA-N,CC(C)C,decoy_C4H10
decoy_PMPVIKIVABFJJI-UHFFFAOYSA-N,C1CCC1,decoy_C4H8
decoy_QNRMTGGDHLBXQZ-UHFFFAOYSA-N,C=C=CC,decoy_C4H6
decoy_SHDPRTQPPWIEJG-UHFFFAOYSA-N,CC1=CC1,decoy_C4H6
decoy_WGCNASOHLSPBMP-UHFFFAOYSA-N,O=CCO,decoy_C2H4O2
decoy_XJRBAMWJDBPFIM-UHFFFAOYSA-N,C=COC,decoy_C3H6O
decoy_XOBKSJJDNFUZPF-UHFFFAOYSA-N,CCOC,decoy_C3H8O
decoy_XSGHLZBESSREDT-UHFFFAOYSA-N,C=C1CC1,decoy_C4H6
decoy_XXROGKLTLUQVRX-UHFFFAOYSA-N,C=CCO,decoy_C3H6O
decoy_XZBIXDPGRMLSTC-UHFFFAOYSA-N,NNC=O,decoy_CH4N2O
decoy_AMIMRNSIRUDHCM-UHFFFAOYSA-N,CC(C)C=O,decoy_C4H8O
decoy_AUQDITHEDVOTCU-UHFFFAOYSA-N,N#CC1CC1,decoy_C4H5N
decoy_BDFAOUQQXJIZDG-UHFFFAOYSA-N,CC(C)CS,decoy_C4H10S
decoy_BDJAEZRIGNCQBZ-UHFFFAOYSA-N,CC1CCC1,decoy_C5H10
decoy_BKOOMYPCSUNDGP-UHFFFAOYSA-N,CC=C(C)C,decoy_C5H10
decoy_BTANRVKWQNVYAZ-UHFFFAOYSA-N,CCC(C)O,decoy_C4H10O
decoy_BYDRTKVGBRTTIT-UHFFFAOYSA-N,C=C(C)CO,decoy_C4H8O
decoy_CRSOQBOWXPBRES-UHFFFAOYSA-N,CC(C)(C)C,decoy_C5H12
decoy_CTKINSOISVBQLD-UHFFFAOYSA-N,OCC1CO1,decoy_C3H6O2
decoy_DKGAVHZHDRPRBM-UHFFFAOYSA-N,CC(C)(C)O,decoy_C4H10O
decoy_FASUFOTUSHAIHG-UHFFFAOYSA-N,C=CCOC,decoy_C4H8O
decoy_FJKIXWOMBXYWOQ-UHFFFAOYSA-N,C=COCC,decoy_C4H8O
decoy_FOTXAJDDGPYIFU-UHFFFAOYSA-N,CCC1CC1,decoy_C5H10
decoy_GELKGHVAFRCJNA-UHFFFAOYSA-N,CC1(C)CO1,decoy_C4H8O
decoy_GTCAXTIRRLKXRU-UHFFFAOYSA-N,COC(N)=O,decoy_C2H5NO2
decoy_GUDMZGLFZNLYEY-UHFFFAOYSA-N,OCC1CC1,decoy_C4H8O
decoy_GYCMBHHDWRMZGG-UHFFFAOYSA-N,C=C(C)C#N,decoy_C4H5N
decoy_KTHXBEHDVMTNOH-UHFFFAOYSA-N,OC1CCC1,decoy_C4H8O
decoy_LOCHFZBWPCLPAN-UHFFFAOYSA-N,CCC(C)S,decoy_C4H10S
decoy_LRHPLDYGYMQRHN-UHFFFAOYSA-N,CCCCO,decoy_C4H10O
decoy_MCSAJNNLRCFZED-UHFFFAOYSA-N,CC[N+](=O)[O-],decoy_C2H5NO2
decoy_MHNNAWXXUZQSNM-UHFFFAOYSA-N,C=C(C)CC,decoy_C5H10
decoy_MKUWVMRNQOOSAT-UHFFFAOYSA-N,C=CC(C)O,decoy_C4H8O
decoy_NKKMVIVFRUYPLQ-UHFFFAOYSA-N,CC=CC#N,decoy_C4H5N
decoy_PBIJFSCPEFQXBB-UHFFFAOYSA-N,CC1(C)CC1,decoy_C5H10
decoy_PQXKWPLDPFFDJP-UHFFFAOYSA-N,CC1OC1C,decoy_C4H8O
decoy_QMMOXUPEWRXHJS-UHFFFAOYSA-N,CC=CCC,decoy_C5H10
decoy_QWTDNUCVQCZILF-UHFFFAOYSA-N,CCC(C)C,decoy_C5H12
decoy_RBACIKXCRWGCBB-UHFFFAOYSA-N,CCC1CO1,decoy_C4H8O
decoy_REJPDMLLCDXIOV-UHFFFAOYSA-N,CC#CC=O,decoy_C4H4O
decoy_RGSFGYAAUTVSQA-UHFFFAOYSA-N,C1CCCC1,decoy_C5H10
decoy_RMGHERXMTMUMMV-UHFFFAOYSA-N,COC(C)C,decoy_C4H10O
decoy_ROSSIHMZZJOVOU-UHFFFAOYSA-N,CSC(C)C,decoy_C4H10S
decoy_RRUDCFGSUDOHDG-UHFFFAOYSA-N,CC(=O)NO,decoy_C2H5NO2
decoy_SJNALLRHIVGIBI-UHFFFAOYSA-N,C=CCC#N,decoy_C4H5N
decoy_VKJLDXGFBJBTRQ-UHFFFAOYSA-N,CC1CC1C,decoy_C5H10
decoy_VNKYTQGIUYNRMY-UHFFFAOYSA-N,CCCOC,decoy_C4H10O
decoy_WBJINCZRORDGAQ-UHFFFAOYSA-N,CCOC=O,decoy_C3H6O2
decoy_WCASXYBKJHWFMY-UHFFFAOYSA-N,CC=CCO,decoy_C4H8O
decoy_WMXCDAVJEZZYLT-UHFFFAOYSA-N,CC(C)(C)S,decoy_C4H10S
decoy_WNXJIVFYUVYPPR-UHFFFAOYSA-N,C1COCO1,decoy_C3H6O2
decoy_WQAQPCDUOCURKW-UHFFFAOYSA-N,CCCCS,decoy_C4H10S
decoy_XLSMFKSTNGKWQX-UHFFFAOYSA-N,CC(=O)CO,decoy_C3H6O2
decoy_XRGPFNGLRSIPSA-UHFFFAOYSA-N,C#CC(C)=O,decoy_C4H4O
decoy_YHQXBTXEYZIYOV-UHFFFAOYSA-N,C=CC(C)C,decoy_C5H10
decoy_YOWQWFMSQCOSBA-UHFFFAOYSA-N,C=C(C)OC,decoy_C4H8O
decoy_YSEFYOVWKJXNCH-UHFFFAOYSA-N,COCC=O,decoy_C3H6O2
decoy_ZOASGOXWEHUTKZ-UHFFFAOYSA-N,CCCSC,decoy_C4H10S
decoy_ZSPTYLOMNJNZNG-UHFFFAOYSA-N,C=CCCO,decoy_C4H8O
decoy_ZXEKIIBDNHEJCQ-UHFFFAOYSA-N,CC(C)CO,decoy_C4H10O
decoy_AFABGHUZZDYHJO-UHFFFAOYSA-N,CCCC(C)C,decoy_C6H14
decoy_AUBDSFLQOBEOPX-UHFFFAOYSA-N,C=CC#CC=C,decoy_C6H6
decoy_AVFZOVWCLRSYKC-UHFFFAOYSA-N,CN1CCCC1,decoy_C5H11N
decoy_BEQGRRJLJLVQAQ-UHFFFAOYSA-N,CC=C(C)CC,decoy_C6H12
decoy_BXIIJPAVISPOGI-UHFFFAOYSA-N,CC1CC1(C)C,decoy_C6H12
decoy_CUZLJOLBIRPEFB-UHFFFAOYSA-N,COCC(C)=O,decoy_C4H8O2
decoy_CXYUCHDVLWUDNS-UHFFFAOYSA-N,CCC1(C)CC1,decoy_C6H12
decoy_DHBZRQXIRAEMRO-UHFFFAOYSA-N,CN(C)N(C)C,decoy_C4H12N2
decoy_DILRJUIACXKSQE-UHFFFAOYSA-N,CN(C)CCN,decoy_C4H12N2
decoy_FGLBSLMDCBOPQK-UHFFFAOYSA-N,CC(C)[N+](=O)[O-],decoy_C3H7NO2
decoy_FSYKKLYZXJSNPZ-UHFFFAOYSA-N,CNCC(=O)O,decoy_C3H7NO2
decoy_GBCKRQRXNXQQPW-UHFFFAOYSA-N,C=CCN(C)C,decoy_C5H11N
decoy_GDOPTJXRTPNYNR-UHFFFAOYSA-N,CC1CCCC1,decoy_C6H12
decoy_GFAZHVHNLUBROE-UHFFFAOYSA-N,CCC(=O)CO,decoy_C4H8O2
decoy_HNRMPXKDFBEGFZ-UHFFFAOYSA-N,CCC(C)(C)C,decoy_C6H14
decoy_HPBROFGYTXOJIO-UHFFFAOYSA-N,CC(C)C1CC1,decoy_C6H12
decoy_HSJKGGMUJITCBW-UHFFFAOYSA-N,CC(O)CC=O,decoy_C4H8O2
decoy_HTWIZMNMTWYQRN-UHFFFAOYSA-N,CC1OCCO1,decoy_C4H8O2
decoy_IFZHGQSUNAKKSN-UHFFFAOYSA-N,CCN(N)CC,decoy_C4H12N2
decoy_ITMIAZBRRZANGB-UHFFFAOYSA-N,C=CC(O)CO,decoy_C4H8O2
decoy_JMMZCWZIJXAGKW-UHFFFAOYSA-N,CCC=C(C)C,decoy_C6H12
decoy_JOFQXPUKJJQCPW-UHFFFAOYSA-N,CCCN(C)N,decoy_C4H12N2
decoy_JOYRKODLDBILNP-UHFFFAOYSA-N,CCOC(N)=O,decoy_C3H7NO2
decoy_JSZOAYXJRCEYSX-UHFFFAOYSA-N,CCC[N+](=O)[O-],decoy_C3H7NO2
decoy_KAOQVXHBVNKNHA-UHFFFAOYSA-N,CCCON=O,decoy_C3H7NO2
decoy_KQNPFQTWMSNSAP-UHFFFAOYSA-N,CC(C)C(=O)O,decoy_C4H8O2
decoy_KQSSATDQUYCRGS-UHFFFAOYSA-N,COC(=O)CN,decoy_C3H7NO2
decoy_KVKFRMCSXWQSNT-UHFFFAOYSA-N,CNCCNC,decoy_C4H12N2
decoy_KYINPWAJIVTFBW-UHFFFAOYSA-N,CC1CCNC1,decoy_C5H11N
decoy_LDTAOIUHUHHCMU-UHFFFAOYSA-N,C=CC(C)CC,decoy_C6H12
decoy_LGAQJENWWYGFSN-UHFFFAOYSA-N,CC=CC(C)C,decoy_C6H12
decoy_LIKMAJRDDDTEIG-UHFFFAOYSA-N,C=CCCCC,decoy_C6H12
decoy_LKMJVFRMDSNFRT-UHFFFAOYSA-N,COCC1CO1,decoy_C4H8O2
decoy_LVSQXDHWDCMMRJ-UHFFFAOYSA-N,CC(=O)CCO,decoy_C4H8O2
decoy_MUQNAPSBHXFMHT-UHFFFAOYSA-N,CC(C)(C)NN,decoy_C4H12N2
decoy_MWVPQZRIWVPJCA-UHFFFAOYSA-N,CCCC1CC1,decoy_C6H12
decoy_NEZRFXZYPAIZAD-UHFFFAOYSA-N,CCC1CCC1,decoy_C6H12
decoy_NGSOWKPBNFOQCR-UHFFFAOYSA-N,CC(C)CNN,decoy_C4H12N2
decoy_NISGSNTVMOOSJQ-UHFFFAOYSA-N,NC1CCCC1,decoy_C5H11N
decoy_NYXHSRNBKJIQQG-UHFFFAOYSA-N,CNC(=O)OC,decoy_C3H7NO2
decoy_OGWJYLKDZYZYBA-UHFFFAOYSA-N,C#CC=CC=C,decoy_C6H6
decoy_OPCJOXGBLDJWRM-UHFFFAOYSA-N,CC(C)(N)CN,decoy_C4H12N2
decoy_ORTVZLZNOYNASJ-UHFFFAOYSA-N,OCC=CCO,decoy_C4H8O2
decoy_OWWIWYDDISJUMY-UHFFFAOYSA-N,C=C(C)C(C)C,decoy_C6H12
decoy_OXGJKCALURPRCN-UHFFFAOYSA-N,COCCC=O,decoy_C4H8O2
decoy_PCTCNWZFDASPLA-UHFFFAOYSA-N,CC#CC#CC,decoy_C6H6
decoy_PFEOZHBOMNWTJB-UHFFFAOYSA-N,CCC(C)CC,decoy_C6H14
decoy_PKXHXOTZMFCXSH-UHFFFAOYSA-N,C=CC(C)(C)C,decoy_C6H12
decoy_PUUULGNNRPBVBA-UHFFFAOYSA-N,C=CCNCC,decoy_C5H11N
decoy_QHJABUZHRJTCAR-UHFFFAOYSA-N,CNCCCN,decoy_C4H12N2
decoy_RGHPCLZJAFCTIK-UHFFFAOYSA-N,CC1CCCN1,decoy_C5H11N
decoy_RGTXVXDNHPWPHH-UHFFFAOYSA-N,CC(N)CCN,decoy_C4H12N2
decoy_RJUFJBKOKNCXHH-UHFFFAOYSA-N,CCC(=O)OC,decoy_C4H8O2
decoy_RMOUBSOVHSONPZ-UHFFFAOYSA-N,CC(C)OC=O,decoy_C4H8O2
decoy_ROWKJAVDOGWPAT-UHFFFAOYSA-N,CC(=O)C(C)O,decoy_C4H8O2
decoy_RYHBNJHYFVUHQT-UHFFFAOYSA-N,C1COCCO1,decoy_C4H8O2
decoy_RYKZRKKEYSRDNF-UHFFFAOYSA-N,C=C(CC)CC,decoy_C6H12
decoy_RYPKRALMXUUNKS-UHFFFAOYSA-N,CC=CCCC,decoy_C6H12
decoy_SAHWBARCQUAFSM-UHFFFAOYSA-N,CCC1CC1C,decoy_C6H12
decoy_SBUOHGKIOVRDKY-UHFFFAOYSA-N,CC1COCO1,decoy_C4H8O2
decoy_SCZVXVGZMZRGRU-UHFFFAOYSA-N,CCNCCN,decoy_C4H12N2
decoy_SFSUYFSIKDDLOL-UHFFFAOYSA-N,CCC(C)NN,decoy_C4H12N2
decoy_STSRVFAXSLNLLI-UHFFFAOYSA-N,C=CC=CC#N,decoy_C5H5N
decoy_SXQFCVDSOLSHOQ-UHFFFAOYSA-N,CC(O)C(N)=O,decoy_C3H7NO2
decoy_TWWCBLSUGOSDIY-UHFFFAOYSA-N,CCNN(C)C,decoy_C4H12N2
decoy_UCMIRNVEIXFBKS-UHFFFAOYSA-N,NCCC(=O)O,decoy_C3H7NO2
decoy_VDFVNEFVBPFDSB-UHFFFAOYSA-N,C1COCOC1,decoy_C4H8O2
decoy_VUIWJRYTWUGOOF-UHFFFAOYSA-N,C=COCCO,decoy_C4H8O2
decoy_WGLLSSPDPJPLOR-UHFFFAOYSA-N,CC(C)=C(C)C,decoy_C6H12
decoy_WSSSPWUEQFSQQG-UHFFFAOYSA-N,C=CCC(C)C,decoy_C6H12
decoy_WWUVJRULCWHUSA-UHFFFAOYSA-N,C=C(C)CCC,decoy_C6H12
decoy_XDPCNPCKDGQBAN-UHFFFAOYSA-N,OC1CCOC1,decoy_C4H8O2
decoy_XKLVLDXNZDIDKQ-UHFFFAOYSA-N,CCCCNN,decoy_C4H12N2
decoy_XYQCAFWEBBSSKS-UHFFFAOYSA-N,CC(C)N(C)N,decoy_C4H12N2
decoy_YCBOYOYVDOUXLH-UHFFFAOYSA-N,CCNNCC,decoy_C4H12N2
decoy_YFIBSNDOVCWPBL-UHFFFAOYSA-N,C#CCCC#C,decoy_C6H6
decoy_ZFFMLCVRJBZUDZ-UHFFFAOYSA-N,CC(C)C(C)C,decoy_C6H14
decoy_ZQDPJFUHLCOCRG-UHFFFAOYSA-N,CCC=CCC,decoy_C6H12
decoy_AEXMKKGTQYQZCS-UHFFFAOYSA-N,CCC(C)(C)CC,decoy_C7H16
decoy_AIMREYQYBFBEGQ-UHFFFAOYSA-N,CC(C)(C)[N+](=O)[O-],decoy_C4H9NO2
decoy_AORMDLNPRGXHHL-UHFFFAOYSA-N,CCC(CC)CC,decoy_C7H16
decoy_APNSGVMLAYLYCT-UHFFFAOYSA-N,CC(C)CON=O,decoy_C4H9NO2
decoy_AVMSWPWPYJVYKY-UHFFFAOYSA-N,CC(C)COC=O,decoy_C5H10O2
decoy_BHIWKHZACMWKOJ-UHFFFAOYSA-N,COC(=O)C(C)C,decoy_C5H10O2
decoy_BNDRWEVUODOUDW-UHFFFAOYSA-N,CC(=O)C(C)(C)O,decoy_C5H10O2
decoy_BSKHPKMHTQYZBB-UHFFFAOYSA-N,Cc1ccccn1,decoy_C6H7N
decoy_BSYVTEYKTMYBMK-UHFFFAOYSA-N,OCC1CCCO1,decoy_C5H10O2
decoy_BZHMBWZPUJHVEE-UHFFFAOYSA-N,CC(C)CC(C)C,decoy_C7H16
decoy_CELWCAITJAEQNL-UHFFFAOYSA-N,OC1CCCCO1,decoy_C5H10O2
decoy_CHVJITGCYZJHLR-UHFFFAOYSA-N,C1=CC=CCC=C1,decoy_C7H8
decoy_CXOWYJMDMMMMJO-UHFFFAOYSA-N,CCCC(C)(C)C,decoy_C7H16
decoy_DGZUEIPKRRSMGK-UHFFFAOYSA-N,C1C2C3C2C2C1C32,decoy_C7H8
decoy_DRWOJIIXBYNGGW-UHFFFAOYSA-N,COCCC(C)=O,decoy_C5H10O2
decoy_FKNQCJSGGFJEIZ-UHFFFAOYSA-N,Cc1ccncc1,decoy_C6H7N
decoy_FKRCODPIKNYEAC-UHFFFAOYSA-N,CCOC(=O)CC,decoy_C5H10O2
decoy_FPKWGRVMLLIFSY-UHFFFAOYSA-N,COC1OC1(C)C,decoy_C5H10O2
decoy_FUOOLUPWFVMBKG-UHFFFAOYSA-N,CC(C)(N)C(=O)O,decoy_C4H9NO2
decoy_GAPFWGOSHOCNBM-UHFFFAOYSA-N,CC(C)O[N+](=O)[O-],decoy_C3H7NO3
decoy_GCYHRYNSUGLLMA-UHFFFAOYSA-N,C=CCOCCO,decoy_C5H10O2
decoy_GDFAOVXKHJXLEI-UHFFFAOYSA-N,CNC(C)C(=O)O,decoy_C4H9NO2
decoy_GWYFCOCPABKNJV-UHFFFAOYSA-N,CC(C)CC(=O)O,decoy_C5H10O2
decoy_GXDHCNNESPLIKD-UHFFFAOYSA-N,CCCCC(C)C,decoy_C7H16
decoy_GXZPMXGRNUXGHN-UHFFFAOYSA-N,C=COCCOC,decoy_C5H10O2
decoy_HDGHQFQMWUTHKL-UHFFFAOYSA-N,CC1OCCCO1,decoy_C5H10O2
decoy_HQCSZRIVJVOYSU-UHFFFAOYSA-N,CCOCC1CO1,decoy_C5H10O2
decoy_HRDCVMSNCBAMAM-UHFFFAOYSA-N,C#CCOCC#C,decoy_C6H6O
decoy_INCCMBMMWVKEGJ-UHFFFAOYSA-N,CC1CCOCO1,decoy_C5H10O2
decoy_IOGXOCVLYRDXLW-UHFFFAOYSA-N,CC(C)(C)ON=O,decoy_C4H9NO2
decoy_ITQTTZVARXURQS-UHFFFAOYSA-N,Cc1cccnc1,decoy_C6H7N
decoy_IUGYQRQAERSCNH-UHFFFAOYSA-N,CC(C)(C)C(=O)O,decoy_C5H10O2
decoy_JJMOMMLADQPZNY-UHFFFAOYSA-N,CC(C)(C=O)CO,decoy_C5H10O2
decoy_JMMWKPVZQRWMSS-UHFFFAOYSA-N,CC(=O)OC(C)C,decoy_C5H10O2
decoy_JNTOKFNBDFMTIV-UHFFFAOYSA-N,CCCO[N+](=O)[O-],decoy_C3H7NO3
decoy_JQJPBYFTQAANLE-UHFFFAOYSA-N,CCCCON=O,decoy_C4H9NO2
decoy_JSHPTIGHEWEXRW-UHFFFAOYSA-N,CC(=O)CCCO,decoy_C5H10O2
decoy_JZYKFLLRVPPISG-UHFFFAOYSA-N,C#CCCCC#N,decoy_C6H7N
decoy_KPDOKSJMJMDRQA-UHFFFAOYSA-N,C1=CC2(C=C1)CC2,decoy_C7H8
decoy_LMYJGUNNJIDROI-UHFFFAOYSA-N,OC1CCOCC1,decoy_C5H10O2
decoy_MTCFGRXMJLQNBG-UHFFFAOYSA-N,NC(CO)C(=O)O,decoy_C3H7NO3
decoy_NALZTFARIYUCBY-UHFFFAOYSA-N,CCCC[N+](=O)[O-],decoy_C4H9NO2
decoy_NBEGXSQMVJTIAR-UHFFFAOYSA-N,CC(C)C(=O)CO,decoy_C5H10O2
decoy_NFGNZNFBQAGBJA-UHFFFAOYSA-N,CCC(C)ON=O,decoy_C4H9NO2
decoy_NLQMSBJFLQPLIJ-UHFFFAOYSA-N,CC1(CO)COC1,decoy_C5H10O2
decoy_NMJJFJNHVMGPGM-UHFFFAOYSA-N,CCCCOC=O,decoy_C5H10O2
decoy_NODMEAHDWHZSNR-UHFFFAOYSA-N,C1=CC2(C=CC2)C1,decoy_C7H8
decoy_NTNZTEQNFHNYBC-UHFFFAOYSA-N,CCOC(=O)CN,decoy_C4H9NO2
decoy_NUUPJBRGQCEZSI-UHFFFAOYSA-N,OC1CCC(O)C1,decoy_C5H10O2
decoy_NYKHMTWWXWMMHN-UHFFFAOYSA-N,CC=CC=CC#N,decoy_C6H7N
decoy_OAEQYDZVVPONKW-UHFFFAOYSA-N,CCC(C)OC=O,decoy_C5H10O2
decoy_OBWGMYALGNDUNM-UHFFFAOYSA-N,C=CC(OC)OC,decoy_C5H10O2
decoy_OVPLZYJGTGDFNB-UHFFFAOYSA-N,CC(C)OC(N)=O,decoy_C4H9NO2
decoy_PCNWBUOSTLGPMI-UHFFFAOYSA-N,CC(CO)[N+](=O)[O-],decoy_C3H7NO3
decoy_PCPUMGYALMOCHF-UHFFFAOYSA-N,OCC1CCOC1,decoy_C5H10O2
decoy_PCYZZYAEGNVNMH-UHFFFAOYSA-N,CC(=O)CC(C)O,decoy_C5H10O2
decoy_PNMYNXREEKCUGV-UHFFFAOYSA-N,C=CC#CCC=C,decoy_C7H8
decoy_PVCJKHHOXFKFRP-UHFFFAOYSA-N,CC(=O)NCCO,decoy_C4H9NO2
decoy_PZWQRDVVVKIYLX-UHFFFAOYSA-N,C1=CC2C=CC2C1,decoy_C7H8
decoy_QMXCHEVUAIPIRM-UHFFFAOYSA-N,CCC(=O)C(C)O,decoy_C5H10O2
decoy_QQBUHYQVKJQAOB-UHFFFAOYSA-N,C=Cc1ccco1,decoy_C6H6O
decoy_QWCKQJZIFLGMSD-UHFFFAOYSA-N,CCC([NH3+])C(=O)[O-],decoy_C4H9NO2
decoy_RGSODMOUXWISAG-UHFFFAOYSA-N,C#CCNCC#C,decoy_C6H7N
decoy_RSPZSDWVQWRAEF-UHFFFAOYSA-N,C#CCCCC#C,decoy_C7H8
decoy_RUPAXCPQAAOIPB-UHFFFAOYSA-N,CC(C)(C)OC=O,decoy_C5H10O2
decoy_SELYJABLPLKXOY-UHFFFAOYSA-N,COC(=O)N(C)C,decoy_C4H9NO2
decoy_SIJBDWPVNAYVGY-UHFFFAOYSA-N,CC1(C)OCCO1,decoy_C5H10O2
decoy_SJYNFBVQFBRSIB-UHFFFAOYSA-N,C1=CC2C=CC1C2,decoy_C7H8
decoy_SUGZATOHBPXTDV-UHFFFAOYSA-N,CCC(C)[N+](=O)[O-],decoy_C4H9NO2
decoy_SURZCVYFPAXNGN-UHFFFAOYSA-N,CCOC(=O)NC,decoy_C4H9NO2
decoy_UUIQMZJEGPQKFD-UHFFFAOYSA-N,CCCC(=O)OC,decoy_C5H10O2
decoy_VCVOSERVUCJNPR-UHFFFAOYSA-N,OC1CCCC1O,decoy_C5H10O2
decoy_VGEWEGHHYWGXGG-UHFFFAOYSA-N,CCOC(=O)NO,decoy_C3H7NO3
decoy_VLJXXKKOSFGPHI-UHFFFAOYSA-N,CCCC(C)CC,decoy_C7H16
decoy_VVSRECWZBBJOTG-UHFFFAOYSA-N,CC(=O)C(C)CO,decoy_C5H10O2
decoy_WBESQMVRIKXRFL-UHFFFAOYSA-N,CC1(O)CCCO1,decoy_C5H10O2
decoy_WEBRDDDJKLAXTO-UHFFFAOYSA-N,CCC1OCCO1,decoy_C5H10O2
decoy_WGECXQBGLLYSFP-UHFFFAOYSA-N,CCC(C)C(C)C,decoy_C7H16
decoy_WLAMNBDJUVNPJU-UHFFFAOYSA-N,CCC(C)C(=O)O,decoy_C5H10O2
decoy_WOVLKKLXYZJMSN-UHFFFAOYSA-N,CCCC(=O)CO,decoy_C5H10O2
decoy_XFXRMDNWSGXSNJ-UHFFFAOYSA-N,CC(C)C[N+](=O)[O-],decoy_C4H9NO2
decoy_YKYONYBAUNKHLG-UHFFFAOYSA-N,CCCOC(C)=O,decoy_C5H10O2
decoy_YNTOKMNHRPSGFU-UHFFFAOYSA-N,CCCOC(N)=O,decoy_C4H9NO2
decoy_ZISSAWUMDACLOM-UHFFFAOYSA-N,CC(C)C(C)(C)C,decoy_C7H16
decoy_ALTFLAPROMVXNX-UHFFFAOYSA-N,CC1COC(C)(C)O1,decoy_C6H12O2
decoy_AQSWYJHDAKIVIM-UHFFFAOYSA-N,CC(O)C=CC(C)O,decoy_C6H12O2
decoy_AWBIJARKDOFDAN-UHFFFAOYSA-N,CC1COC(C)CO1,decoy_C6H12O2
decoy_BGRDGMRNKXEXQD-UHFFFAOYSA-N,O=c1ccc(=O)[nH][nH]1,decoy_C4H4N2O2
decoy_BMTSZVZQNMNPCT-UHFFFAOYSA-N,Nc1ncccc1O,decoy_C5H6N2O
decoy_BVALZCVRLDMXOQ-UHFFFAOYSA-N,CCCCC[N+](=O)[O-],decoy_C5H11NO2
decoy_CHBAWFGIXDBEBT-UHFFFAOYSA-N,CCCC(C)CCC,decoy_C8H18
decoy_CJSZWOGCKKDSJG-UHFFFAOYSA-N,O=[N+]([O-])C1CCCC1,decoy_C5H9NO2
decoy_CNMFHDIDIMZHKY-UHFFFAOYSA-N,COC(=O)C(C)(C)C,decoy_C6H12O2
decoy_CSDTZUBPSYWZDX-UHFFFAOYSA-N,CCCCCON=O,decoy_C5H11NO2
decoy_CSZCLQLJVFLXLI-UHFFFAOYSA-N,CCC1OCC(C)O1,decoy_C6H12O2
decoy_CWNOEVURTVLUNV-UHFFFAOYSA-N,CCCOCC1CO1,decoy_C6H12O2
decoy_DCKVNWZUADLDEH-UHFFFAOYSA-N,CCC(C)OC(C)=O,decoy_C6H12O2
decoy_DIQMPQMYFZXDAX-UHFFFAOYSA-N,CCCCCOC=O,decoy_C6H12O2
decoy_DKPFZGUDAPQIHT-UHFFFAOYSA-N,CCCCOC(C)=O,decoy_C6H12O2
decoy_DUFGYCAXVIUXIP-UHFFFAOYSA-N,Oc1cc(O)ncn1,decoy_C4H4N2O2
decoy_DUPUVYJQZSLSJB-UHFFFAOYSA-N,CCC(CC)C(C)C,decoy_C8H18
decoy_DYONNFFVDNILGI-UHFFFAOYSA-N,CCC(C)O[N+](=O)[O-],decoy_C4H9NO3
decoy_FGKJLKRYENPLQH-UHFFFAOYSA-N,CC(C)CCC(=O)O,decoy_C6H12O2
decoy_FLTJDUOFAQWHDF-UHFFFAOYSA-N,CCCCC(C)(C)C,decoy_C8H18
decoy_GDKSTFXHMBGCPG-UHFFFAOYSA-N,CC1(C)CCOCO1,decoy_C6H12O2
decoy_GIEZWIDCIFCQPS-UHFFFAOYSA-N,CCC(C)(CC)CC,decoy_C8H18
decoy_GJRQTCIYDGXPES-UHFFFAOYSA-N,CC(=O)OCC(C)C,decoy_C6H12O2
decoy_GLGDTYAVPSJOSQ-UHFFFAOYSA-N,CC(=O)n1cncn1,decoy_C4H5N3O
decoy_GPMMYQITJVUZAT-UHFFFAOYSA-N,O=C1C=CC(=O)CC1,decoy_C6H6O2
decoy_GZXSDYYWLZERLF-UHFFFAOYSA-N,CCNC(=O)OCC,decoy_C5H11NO2
decoy_HDGQICNBXPAKLR-UHFFFAOYSA-N,CCC(C)CC(C)C,decoy_C8H18
decoy_HLEXJAVJCZLRTH-UHFFFAOYSA-N,CC1OC(C)C(C)O1,decoy_C6H12O2
decoy_HNBDRPTVWVGKBR-UHFFFAOYSA-N,CCCCC(=O)OC,decoy_C6H12O2
decoy_HUQXEIFQYCVOPD-UHFFFAOYSA-N,O=C1CC2C=CC1C2,decoy_C7H8O
decoy_IEMMBWWQXVXBEU-UHFFFAOYSA-N,CC(=O)c1ccco1,decoy_C6H6O2
decoy_IEOPZUMPHCZMCS-UHFFFAOYSA-N,COCC1CCCO1,decoy_C6H12O2
decoy_IGIDLTISMCAULB-UHFFFAOYSA-N,CCC(C)CC(=O)O,decoy_C6H12O2
decoy_IGRZECZSICIWJA-UHFFFAOYSA-N,CCCC1OC1CO,decoy_C6H12O2
decoy_IJMWOMHMDSDKGK-UHFFFAOYSA-N,CCC(=O)OC(C)C,decoy_C6H12O2
decoy_IKCQWKJZLSDDSS-UHFFFAOYSA-N,O=COCCOC=O,decoy_C4H6O4
decoy_INNWRDCESBMSQK-UHFFFAOYSA-N,NC(=O)COCCO,decoy_C4H9NO3
decoy_JBTGHKUTYAMZEZ-UHFFFAOYSA-N,NC(=O)C#CC(N)=O,decoy_C4H4N2O2
decoy_JJMDCOVWQOJGCB-UHFFFAOYSA-N,NCCCCC(=O)O,decoy_C5H11NO2
decoy_JNRQSKFTIYCDIP-UHFFFAOYSA-N,CCCC(C)OC=O,decoy_C6H12O2
decoy_JOIWPCUDRRYOQH-UHFFFAOYSA-N,CCCC(C)[N+](=O)[O-],decoy_C5H11NO2
decoy_JQYYUWHWGCJWTN-UHFFFAOYSA-N,CCOC1CCCO1,decoy_C6H12O2
decoy_JSDUOUVZQRZOOY-UHFFFAOYSA-N,CCCC1OCCO1,decoy_C6H12O2
decoy_JVSWJIKNEAIKJW-UHFFFAOYSA-N,CCCCCC(C)C,decoy_C8H18
decoy_JXDFEQONERDKSS-UHFFFAOYSA-N,NCCc1cc[nH]n1,decoy_C5H9N3
decoy_JXMQYKBAZRDVTC-UHFFFAOYSA-N,OCC#CC#CCO,decoy_C6H6O2
decoy_JXPOLSKBTUYKJB-UHFFFAOYSA-N,CCCC(C)C(C)C,decoy_C8H18
decoy_JZUPYBRYQINNRE-UHFFFAOYSA-N,CC1COCC(C)O1,decoy_C6H12O2
decoy_KANFKJUPLALTDB-UHFFFAOYSA-N,CC1CCC(O)C1O,decoy_C6H12O2
decoy_KDUIUFJBNGTBMD-UHFFFAOYSA-N,C1=CC=CC=CC=C1,decoy_C8H8
decoy_KUMXLFIBWFCMOJ-UHFFFAOYSA-N,CCCC(C)(C)CC,decoy_C8H18
decoy_KZSNJWFQEVHDMF-UHFFFAOYSA-N,CC(C)C(N)C(=O)O,decoy_C5H11NO2
decoy_LAIUFBWHERIJIH-UHFFFAOYSA-N,CCCCC(C)CC,decoy_C8H18
decoy_LBTXDQOSJLEDQM-UHFFFAOYSA-N,CON=C(C)C(C)=O,decoy_C5H9NO2
decoy_LCEDQNDDFOCWGG-UHFFFAOYSA-N,O=CN1CCOCC1,decoy_C5H9NO2
decoy_LFKDJXLFVYVEFG-UHFFFAOYSA-N,CC(C)(C)OC(N)=O,decoy_C5H11NO2
decoy_LFTLOKWAGJYHHR-UHFFFAOYSA-N,C[N+]1([O-])CCOCC1,decoy_C5H11NO2
decoy_LHRIUKSRPHFASO-UHFFFAOYSA-N,Cc1cc(O)ncn1,decoy_C5H6N2O
decoy_LNNXFUZKZLXPOF-UHFFFAOYSA-N,CC(C)CO[N+](=O)[O-],decoy_C4H9NO3
decoy_LOMVENUNSWAXEN-UHFFFAOYSA-N,COC(=O)C(=O)OC,decoy_C4H6O4
decoy_LQKMCBPMBNUKSU-UHFFFAOYSA-N,Cn1cccnc1=O,decoy_C5H6N2O
decoy_LRZFEBJUJIQVDQ-UHFFFAOYSA-N,COC(=O)CN(C)C,decoy_C5H11NO2
decoy_MCSINKKTEDDPNK-UHFFFAOYSA-N,CCCOC(=O)CC,decoy_C6H12O2
decoy_MHIHRIPETCJEMQ-UHFFFAOYSA-N,CCC(CO)[N+](=O)[O-],decoy_C4H9NO3
decoy_MLMQPDHYNJCQAO-UHFFFAOYSA-N,CC(C)(C)CC(=O)O,decoy_C6H12O2
decoy_MLXDUYUQINCFFV-UHFFFAOYSA-N,CC(=O)OCC(=O)O,decoy_C4H6O4
decoy_MVGJRISPEUZYAQ-UHFFFAOYSA-N,CC(C)(CO)[N+](=O)[O-],decoy_C4H9NO3
decoy_NHTMVDHEPJAVLT-UHFFFAOYSA-N,CC(C)CC(C)(C)C,decoy_C8H18
decoy_NNDASDMUUQRZKG-UHFFFAOYSA-N,Nc1cccc[n+]1[O-],decoy_C5H6N2O
decoy_NOYRGONWBIVLEL-UHFFFAOYSA-N,CC=CC(OC)OC,decoy_C6H12O2
decoy_NWLUZGJDEZBBRH-UHFFFAOYSA-N,CC(C)OCC1CO1,decoy_C6H12O2
decoy_OBNCKNCVKJNDBV-UHFFFAOYSA-N,CCCC(=O)OCC,decoy_C6H12O2
decoy_OCWLYWIFNDCWRZ-UHFFFAOYSA-N,CCC(C)C(=O)OC,decoy_C6H12O2
decoy_OJVOGABFNZDOOZ-UHFFFAOYSA-N,CC(O)C(C)[N+](=O)[O-],decoy_C4H9NO3
decoy_OKVWYBALHQFVFP-UHFFFAOYSA-N,CCC(C)(C)C(C)C,decoy_C8H18
decoy_OMMLUKLXGSRPHK-UHFFFAOYSA-N,CC(C)(C)C(C)(C)C,decoy_C8H18
decoy_OQAGVSWESNCJJT-UHFFFAOYSA-N,COC(=O)CC(C)C,decoy_C6H12O2
decoy_OUDFNZMQXZILJD-UHFFFAOYSA-N,Cc1ccc(C=O)o1,decoy_C6H6O2
decoy_OVBFMEVBMNZIBR-UHFFFAOYSA-N,CCCC(C)C(=O)O,decoy_C6H12O2
decoy_OWFXIOWLTKNBAP-UHFFFAOYSA-N,CC(C)CCON=O,decoy_C5H11NO2
decoy_OXQGTIUCKGYOAA-UHFFFAOYSA-N,CCC(CC)C(=O)O,decoy_C6H12O2
decoy_PCZHHBOJPSQUNS-UHFFFAOYSA-N,CC1CCC(CO)O1,decoy_C6H12O2
decoy_PFURGBBHAOXLIO-UHFFFAOYSA-N,OC1CCCCC1O,decoy_C6H12O2
decoy_PIYNUZCGMLCXKJ-UHFFFAOYSA-N,O=C1COCC(=O)O1,decoy_C4H4O4
decoy_QDCJIPFNVBDLRH-UHFFFAOYSA-N,CC1(C)COCOC1,decoy_C6H12O2
decoy_QIGBRXMKCJKVMJ-UHFFFAOYSA-N,Oc1ccc(O)cc1,decoy_C6H6O2
decoy_QLTBRYOQIIJWSI-UHFFFAOYSA-N,C=C1CC(=O)CC1=C,decoy_C7H8O
decoy_QQHZPQUHCAKSOL-UHFFFAOYSA-N,CCCCO[N+](=O)[O-],decoy_C4H9NO3
decoy_QVWDCTQRORVHHT-UHFFFAOYSA-N,O=c1cccccc1,decoy_C7H6O
decoy_QWVGKYWNOKOFNN-UHFFFAOYSA-N,Cc1ccccc1O,decoy_C7H8O
decoy_RDOXTESZEPMUJZ-UHFFFAOYSA-N,COc1ccccc1,decoy_C7H8O
decoy_RKDVKSZUMVYZHH-UHFFFAOYSA-N,O=C1COC(=O)CO1,decoy_C4H4O4
decoy_RLMGYIOTPQVQJR-UHFFFAOYSA-N,OC1CCCC(O)C1,decoy_C6H12O2
decoy_RLPGDEORIPLBNF-UHFFFAOYSA-N,CC(C)C(C)C(C)C,decoy_C8H18
decoy_RLSSMJSEOOYNOY-UHFFFAOYSA-N,Cc1cccc(O)c1,decoy_C7H8O
decoy_RNTWWGNZUXGTAX-UHFFFAOYSA-N,CCC(C)C(C)CC,decoy_C8H18
decoy_ROTONRWJLXYJBD-UHFFFAOYSA-N,OCC1CCCCO1,decoy_C6H12O2
decoy_RXNMLQHZBCJMBA-UHFFFAOYSA-N,COCC=CCOC,decoy_C6H12O2
decoy_SFRKSDZMZHIISH-UHFFFAOYSA-N,CCCC(CC)CC,decoy_C8H18
decoy_SKCYVGUCBRYGTE-UHFFFAOYSA-N,CCC(=O)C(O)CC,decoy_C6H12O2
decoy_SKKTUOZKZKCGTB-UHFFFAOYSA-N,CCCCOC(N)=O,decoy_C5H11NO2
decoy_SMYRHRFGKYUCFB-UHFFFAOYSA-N,CC(C)C1OCCO1,decoy_C6H12O2
decoy_SNDPXSYFESPGGJ-UHFFFAOYSA-N,CCCC(N)C(=O)O,decoy_C5H11NO2
decoy_SSGVCJCDGSZFJI-UHFFFAOYSA-N,CC(=O)c1cn[nH]c1,decoy_C5H6N2O
decoy_SUDHEDJJFGYYPL-UHFFFAOYSA-N,CCOC(=O)N(C)C,decoy_C5H11NO2
decoy_SWXVUIWOUIDPGS-UHFFFAOYSA-N,CC(=O)CC(C)(C)O,decoy_C6H12O2
decoy_SXTKIFFXFIDYJF-UHFFFAOYSA-N,[O-][n+]1cc[n+]([O-])cc1,decoy_C4H4N2O2
decoy_SYARCRAQWWGZKY-UHFFFAOYSA-N,CC1(C)COC(=O)N1,decoy_C5H9NO2
decoy_UALYCKSVHDYQRP-UHFFFAOYSA-N,CC(=O)CCCCO,decoy_C6H12O2
decoy_UEBFLTZXUXZPJO-UHFFFAOYSA-N,Cn1ccnc1C=O,decoy_C5H6N2O
decoy_UKAUYVFTDYCKQA-UHFFFAOYSA-N,NC(CCO)C(=O)O,decoy_C4H9NO3
decoy_UMIVXZPTRXBADB-UHFFFAOYSA-N,c1ccc2c(c1)CC2,decoy_C8H8
decoy_UPZFLZYXYGBAPL-UHFFFAOYSA-N,CCC1(C)OCCO1,decoy_C6H12O2
decoy_UWNADWZGEHDQAB-UHFFFAOYSA-N,CC(C)CCC(C)C,decoy_C8H18
decoy_UYOWQFWKDDJSLV-UHFFFAOYSA-N,NC(=O)CCCCO,decoy_C5H11NO2
decoy_VIHYIVKEECZGOU-UHFFFAOYSA-N,CC(=O)n1ccnc1,decoy_C5H6N2O
decoy_VKONPUDBRVKQLM-UHFFFAOYSA-N,OC1CCC(O)CC1,decoy_C6H12O2
decoy_VREPYGYMOSZTKJ-UHFFFAOYSA-N,CC1CCOC(C)O1,decoy_C6H12O2
decoy_VUAXHMVRKOTJKP-UHFFFAOYSA-N,CCC(C)(C)C(=O)O,decoy_C6H12O2
decoy_WDAXFOBOLVPGLV-UHFFFAOYSA-N,CCOC(=O)C(C)C,decoy_C6H12O2
decoy_WKSXRWSOSLGSTN-UHFFFAOYSA-N,COc1cnccn1,decoy_C5H6N2O
decoy_WMOVHXAZOJBABW-UHFFFAOYSA-N,CC(=O)OC(C)(C)C,decoy_C6H12O2
decoy_WNNNWFKQCKFSDK-UHFFFAOYSA-N,C=CCC(N)C(=O)O,decoy_C5H9NO2
decoy_WVDDGKGOMKODPV-UHFFFAOYSA-N,OCc1ccccc1,decoy_C7H8O
decoy_XKYICAQFSCFURC-UHFFFAOYSA-N,CC(C)CCOC=O,decoy_C6H12O2
decoy_XSPNWUVAVYEPBO-UHFFFAOYSA-N,Cc1c(C)c(=O)c1=O,decoy_C6H6O2
decoy_XTDQDBVBDLYELW-UHFFFAOYSA-N,CCC(C)C(C)(C)C,decoy_C8H18
decoy_YLZYSVYZMDJYOT-UHFFFAOYSA-N,COc1ncccn1,decoy_C5H6N2O
decoy_YMXZGCMNTIZHDC-UHFFFAOYSA-N,CC1COCOC1C,decoy_C6H12O2
decoy_ZFDGMMZLXSFNFU-UHFFFAOYSA-N,Cc1cc(N)n(C)n1,decoy_C5H9N3
decoy_ZFWJVKLPEZPKNL-UHFFFAOYSA-N,CCCc1nc[nH]n1,decoy_C5H9N3
decoy_ZIYVHBGGAOATLY-UHFFFAOYSA-N,CC(C(=O)O)C(=O)O,decoy_C4H6O4
decoy_ZNQFZPCFVNOXJQ-UHFFFAOYSA-N,CC(=O)N(C)C(C)=O,decoy_C5H9NO2
decoy_AFTPEBDOGXRMNQ-UHFFFAOYSA-N,CCC(C)CC(C)(C)C,decoy_C9H20
decoy_AGPKZVBTJJNPAG-UHFFFAOYSA-N,CCC(C)C(N)C(=O)O,decoy_C6H13NO2
decoy_AJKVQEKCUACUMD-UHFFFAOYSA-N,CC(=O)c1ccccn1,decoy_C7H7NO
decoy_ARWOOWBJJKVYOV-UHFFFAOYSA-N,CCC(C)C(C)(C)CC,decoy_C9H20
decoy_AUKVIBNBLXQNIZ-UHFFFAOYSA-N,CCCC(C)CC(C)C,decoy_C9H20
decoy_AVXVDNJFGZNVAB-UHFFFAOYSA-N,CC1=CC(=O)C(C)(C)C1,decoy_C8H12O
decoy_AWMVMTVKBNGEAK-UHFFFAOYSA-N,c1ccc(C2CO2)cc1,decoy_C8H8O
decoy_BDINBSUUIUWFNH-UHFFFAOYSA-N,CC1=CC(=O)CC1(C)C,decoy_C8H12O
decoy_BGCNBOFPABQGNG-UHFFFAOYSA-N,CCOC(=O)CN(C)C,decoy_C6H13NO2
decoy_BGXXXYLRPIRDHJ-UHFFFAOYSA-N,CCC(CC)(CC)CC,decoy_C9H20
decoy_BOFAIBPJCWFJFT-UHFFFAOYSA-N,COc1cc[n+]([O-])cc1,decoy_C6H7NO2
decoy_BTFQKIATRPGRBS-UHFFFAOYSA-N,Cc1ccccc1C=O,decoy_C8H8O
decoy_BVAKDOXCVSMKHE-UHFFFAOYSA-N,CCCCC(C)(C)CC,decoy_C9H20
decoy_BXRHTYIYAZHIHF-UHFFFAOYSA-N,CCC1CCC=C1C=O,decoy_C8H12O
decoy_CBVFSZDQEHBJEQ-UHFFFAOYSA-N,CCCC(C)C(C)(C)C,decoy_C9H20
decoy_CLZCPQKGOAXOJT-UHFFFAOYSA-N,CCC(CC)C(C)(C)C,decoy_C9H20
decoy_CYWROHZCELEGSE-UHFFFAOYSA-N,CCCC(C)(CC)CC,decoy_C9H20
decoy_DJYSEQMMCZAKGT-UHFFFAOYSA-N,CCCC(C)(C)C(C)C,decoy_C9H20
decoy_DOGIHOCMZJUJNR-UHFFFAOYSA-N,CCCCC(C)CCC,decoy_C9H20
decoy_DTUQWGWMVIHBKE-UHFFFAOYSA-N,O=CCc1ccccc1,decoy_C8H8O
decoy_DUDZQARPXNGCOB-UHFFFAOYSA-N,C=C(C)C#CC(O)CC,decoy_C8H12O
decoy_DVVATNQISMINCX-UHFFFAOYSA-N,CCCC=CC=CC=O,decoy_C8H12O
decoy_DYDNPESBYVVLBO-UHFFFAOYSA-N,O=CNc1ccccc1,decoy_C7H7NO
decoy_DZJTZGHZAWTWGA-UHFFFAOYSA-N,CCC(C)CC(C)CC,decoy_C9H20
decoy_FEYJIFXFOHFGCC-UHFFFAOYSA-N,CCCCCC[N+](=O)[O-],decoy_C6H13NO2
decoy_FTKASJMIPSSXBP-UHFFFAOYSA-N,CCOC(=O)C[N+](=O)[O-],decoy_C4H7NO4
decoy_FTNJQNQLEGKTGD-UHFFFAOYSA-N,c1ccc2c(c1)OCO2,decoy_C7H6O2
decoy_FWPKDESKJMMUSR-UHFFFAOYSA-N,CCCCCC(=O)NO,decoy_C6H13NO2
decoy_FXLOVSHXALFLKQ-UHFFFAOYSA-N,Cc1ccc(C=O)cc1,decoy_C8H8O
decoy_GEOWCLRLLWTHDN-UHFFFAOYSA-N,O=COc1ccccc1,decoy_C7H6O2
decoy_GUMULFRCHLJNDY-UHFFFAOYSA-N,CC(C)(C)CC(C)(C)C,decoy_C9H20
decoy_HAUNPYVLVAIUOO-UHFFFAOYSA-N,CC1(C)C=CC(=O)CC1,decoy_C8H12O
decoy_HBEDSQVIWPRPAY-UHFFFAOYSA-N,c1ccc2c(c1)CCO2,decoy_C8H8O
decoy_HDFGOPSGAURCEO-UHFFFAOYSA-N,CCN1C(=O)C=CC1=O,decoy_C6H7NO2
decoy_HDURLXYBKGWETC-UHFFFAOYSA-N,CC(=O)C1=C(C)CCC1,decoy_C8H12O
decoy_HHOSMYBYIHNXNO-UHFFFAOYSA-N,CC(C)CCC(C)(C)C,decoy_C9H20
decoy_HIMMOVPGAJKVOS-UHFFFAOYSA-N,O=C1CC2CCC(C1)C2,decoy_C8H12O
decoy_HQZHQNKZOYIKQC-UHFFFAOYSA-N,CCC(C)CCC(C)C,decoy_C9H20
decoy_IAVREABSGIHHMO-UHFFFAOYSA-N,O=Cc1cccc(O)c1,decoy_C7H6O2
decoy_ILAOVOOZLVGAJF-UHFFFAOYSA-N,Cn1cccc1C(=O)O,decoy_C6H7NO2
decoy_IPCUHQYGWOKSLR-UHFFFAOYSA-N,CC(N)CCCC(=O)O,decoy_C6H13NO2
decoy_ISBXAXQCXXKEHA-UHFFFAOYSA-N,C=C(C)C#CCC(C)O,decoy_C8H12O
decoy_JHLVEBNWCCKSGY-UHFFFAOYSA-N,CNC(=O)OC(C)(C)C,decoy_C6H13NO2
decoy_JLCYYQOQSAMWTA-UHFFFAOYSA-N,CC(C)C(C)(C)C(C)C,decoy_C9H20
decoy_JSTCPNFNKICNNO-UHFFFAOYSA-N,O=Nc1ccc(O)cc1,decoy_C6H5NO2
decoy_KBPCCVWUMVGXGF-UHFFFAOYSA-N,CC(C)CCCC(C)C,decoy_C9H20
decoy_KKFDCBRMNNSAAW-UHFFFAOYSA-N,OCCN1CCOCC1,decoy_C6H13NO2
decoy_KNGSAYHEXMAZMM-UHFFFAOYSA-N,CCCCC(C)[N+](=O)[O-],decoy_C6H13NO2
decoy_KSKXSFZGARKWOW-UHFFFAOYSA-N,CC(=O)C=CC=C(C)C,decoy_C8H12O
decoy_KWXIPEYKZKIAKR-UHFFFAOYSA-N,Cc1cc(O)nc(N)n1,decoy_C5H7N3O
decoy_KYCZJIBOPKRSOV-UHFFFAOYSA-N,CCC(CC)CC(C)C,decoy_C9H20
decoy_LKIMDXQLHFCXQF-UHFFFAOYSA-N,COc1cccnc1O,decoy_C6H7NO2
decoy_LPBXNOSWWUFYQN-UHFFFAOYSA-N,CC1=CC(=O)C(C)C1C,decoy_C8H12O
decoy_LRQKBLKVPFOOQJ-UHFFFAOYSA-N,CCCCC([NH3+])C(=O)[O-],decoy_C6H13NO2
decoy_LRSASMSXMSNRBT-UHFFFAOYSA-N,Cc1cnc(O)nc1N,decoy_C5H7N3O
decoy_LTYLUDGDHUEBGX-UHFFFAOYSA-N,CC(=O)C1=CCCCC1,decoy_C8H12O
decoy_LUMNWCHHXDUKFI-UHFFFAOYSA-N,OCC1CC2C=CC1C2,decoy_C8H12O
decoy_LWRKMRFJEUFXIB-UHFFFAOYSA-N,CCC=CC=CC(C)=O,decoy_C8H12O
decoy_MAKRYGRRIKSDES-UHFFFAOYSA-N,CCCC(C)C(C)CC,decoy_C9H20
decoy_MDYOLVRUBBJPFM-UHFFFAOYSA-N,O=c1cccccc1O,decoy_C7H6O2
decoy_MMASVVOQIKCFJZ-UHFFFAOYSA-N,CCC(C)(CC)C(C)C,decoy_C9H20
decoy_MSUYGSATOVDCFI-UHFFFAOYSA-N,CC(=O)Nc1ccoc1,decoy_C6H7NO2
decoy_MVLOWDRGPHBNNF-UHFFFAOYSA-N,CCCC(CC)C(C)C,decoy_C9H20
decoy_NBZBKCUXIYYUSX-UHFFFAOYSA-N,O=C(O)CNCC(=O)O,decoy_C4H7NO4
decoy_NHOGGUYTANYCGQ-UHFFFAOYSA-N,C=COc1ccccc1,decoy_C8H8O
decoy_NOQKKFBBAODEHN-UHFFFAOYSA-N,CC1=CC(=O)CC(C)C1,decoy_C8H12O
decoy_NSHQAIKRVDXIMX-UHFFFAOYSA-N,O=C1C=CCCCCC1,decoy_C8H12O
decoy_NWZIYQNUCXUJJJ-UHFFFAOYSA-N,CCCCc1ccco1,decoy_C8H12O
decoy_NYJYFSGMYHSTNZ-UHFFFAOYSA-N,Cc1ccc(N=O)cc1,decoy_C7H7NO
decoy_ODGLTLJZCVNPBU-UHFFFAOYSA-N,CC(C)CC(C)C(C)C,decoy_C9H20
decoy_OGHGFNURIXNXEM-UHFFFAOYSA-N,CC(C)C1=CC(=O)CC1,decoy_C8H12O
decoy_OKCRKWVABWILDR-UHFFFAOYSA-N,CCC(C)C(CC)CC,decoy_C9H20
decoy_OMFSJRHPFYVJSP-UHFFFAOYSA-N,Cc1oc(C)c(C)c1C,decoy_C8H12O
decoy_OVWYEQOVUDKZNU-UHFFFAOYSA-N,Cc1cccc(C=O)c1,decoy_C8H8O
decoy_PIHPSKJRLDSJPX-UHFFFAOYSA-N,CCOC(=O)NC(N)=O,decoy_C4H8N2O3
decoy_PIOPKWFBKZTUMS-UHFFFAOYSA-N,Nc1cccccc1=O,decoy_C7H7NO
decoy_PKOVWKGRNZGQHY-UHFFFAOYSA-N,CC(C)C(C)(C)[N+](=O)[O-],decoy_C6H13NO2
decoy_PSABUFWDVWCFDP-UHFFFAOYSA-N,CCCCCC(C)(C)C,decoy_C9H20
decoy_PSVQKOKKLWHNRP-UHFFFAOYSA-N,CCCCC(CC)CC,decoy_C9H20
decoy_PVJVUJJZSINIGV-UHFFFAOYSA-N,C#CC(C)(O)CCC=C,decoy_C8H12O
decoy_PVNIIMVLHYAWGP-UHFFFAOYSA-N,O=C(O)c1cccnc1,decoy_C6H5NO2
decoy_QJQNTXCURBPBOK-UHFFFAOYSA-N,CC1=C(C)C(C)CC1=O,decoy_C8H12O
decoy_QUKOJKFJIHSBKV-UHFFFAOYSA-N,CCC(C)(C)C(C)(C)C,decoy_C9H20
decoy_QYLFHLNFIHBCPR-UHFFFAOYSA-N,C#CC1(O)CCCCC1,decoy_C8H12O
decoy_RGHHSNMVTDWUBI-UHFFFAOYSA-N,O=Cc1ccc(O)cc1,decoy_C7H6O2
decoy_RPYZCTABWNSIJH-UHFFFAOYSA-N,CCCc1cc(C)co1,decoy_C8H12O
decoy_RUTNOQHQISEBGT-UHFFFAOYSA-N,CCC(C)C(C)C(C)C,decoy_C9H20
decoy_SEEOMASXHIJCDV-UHFFFAOYSA-N,CCCCCC(C)CC,decoy_C9H20
decoy_SFLGSKRGOWRGBR-UHFFFAOYSA-N,c1ccc2c(c1)COC2,decoy_C8H8O
decoy_SIOXPEMLGUPBBT-UHFFFAOYSA-N,O=C(O)c1ccccn1,decoy_C6H5NO2
decoy_SLXKOJJOQWFEFD-UHFFFAOYSA-N,NCCCCCC(=O)O,decoy_C6H13NO2
decoy_SMQUZDBALVYZAC-UHFFFAOYSA-N,O=Cc1ccccc1O,decoy_C7H6O2
decoy_SVEMKBCPZYWEPH-UHFFFAOYSA-N,CCC(C)(C)CC(C)C,decoy_C9H20
decoy_SXFPXZSENHPCSH-UHFFFAOYSA-N,O=C1CCC2CCC1C2,decoy_C8H12O
decoy_TWBYWOBDOCUKOW-UHFFFAOYSA-N,O=C(O)c1ccncc1,decoy_C6H5NO2
decoy_TWLBRQVYXPMCFK-UHFFFAOYSA-N,Cc1ccccc1N=O,decoy_C7H7NO
decoy_UDGLAQDRKQGIKX-UHFFFAOYSA-N,CC#CC(=O)C(C)(C)C,decoy_C8H12O
decoy_UPVGDGITFOERJA-UHFFFAOYSA-N,O=CCC1CC=CCC1,decoy_C8H12O
decoy_VEPYQCZRVLNDBC-UHFFFAOYSA-N,O=C1CC2CCC1CC2,decoy_C8H12O
decoy_VHQJQNRZBRJXCE-UHFFFAOYSA-N,CC(C)CN(C)[N+](=O)[O-],decoy_C5H12N2O2
decoy_VJKHTMGYHCBXHV-UHFFFAOYSA-N,CCCCC#CC(C)=O,decoy_C8H12O
decoy_VLHAGZNBWKUMRW-UHFFFAOYSA-N,CCC(C(C)C)C(C)C,decoy_C9H20
decoy_VONGYFFEWFJHNP-UHFFFAOYSA-N,COC(=O)c1ccc[nH]1,decoy_C6H7NO2
decoy_VTWDKFNVVLAELH-UHFFFAOYSA-N,CC1=CC(=O)C=CC1=O,decoy_C7H6O2
decoy_VTWKXBJHBHYJBI-UHFFFAOYSA-N,ON=Cc1ccccc1,decoy_C7H7NO
decoy_VZFMYOCAEQDWDY-UHFFFAOYSA-N,CC(C)C(C)C(C)(C)C,decoy_C9H20
decoy_VZIRCHXYMBFNFD-UHFFFAOYSA-N,O=CC=Cc1ccco1,decoy_C7H6O2
decoy_WBRFDUJXCLCKPX-UHFFFAOYSA-N,CCCCC(C)C(C)C,decoy_C9H20
decoy_WDIFTBWPYIVZNY-UHFFFAOYSA-N,C=CCCC=CC(C)=O,decoy_C8H12O
decoy_WEAGIKYKIOBREP-UHFFFAOYSA-N,C=C(C)CC(=C)C(C)=O,decoy_C8H12O
decoy_WEGYGNROSJDEIW-UHFFFAOYSA-N,CC(=O)c1cccnc1,decoy_C7H7NO
decoy_WMQUKDQWMMOHSA-UHFFFAOYSA-N,CC(=O)c1ccncc1,decoy_C7H7NO
decoy_WSOKFYJGNBQDPW-UHFFFAOYSA-N,CCCC(C)(C)CCC,decoy_C9H20
decoy_XMROPFQWHHUFFS-UHFFFAOYSA-N,CCCC(CC)CCC,decoy_C9H20
decoy_XZYAPQCJDYFPBN-UHFFFAOYSA-N,CCC(C#CC=O)CC,decoy_C8H12O
decoy_YMAWOPBAYDPSLA-UHFFFAOYSA-N,NCC(=O)NCC(=O)O,decoy_C4H8N2O3
decoy_YPRIHWWNQRSAQL-UHFFFAOYSA-N,CC=C1CCCCC1=O,decoy_C8H12O
decoy_ZUBZATZOEPUUQF-UHFFFAOYSA-N,CCCCCCC(C)C,decoy_C9H20
